coursename,courseurl
Robotics Training in Bangalore,https://www.besanttechnologies.com/robotics-training-in-bangalore
RPA Training in BTM Layout,https://www.besanttechnologies.com/rpa-training-in-btm-layout
UiPath Training in Hebbal,https://www.besanttechnologies.com/uipath-training-in-hebbal
Blue Prism Training in Hebbal,https://www.besanttechnologies.com/blue-prism-training-in-hebbal
RPA Training in Electronic City,https://www.besanttechnologies.com/rpa-training-in-electronic-city
Blue Prism Training in Electronic City,https://www.besanttechnologies.com/blue-prism-training-in-electronic-city
UiPath Training in Electronic City,https://www.besanttechnologies.com/uipath-training-in-electronic-city
RPA Training in Kalyan Nagar,https://www.besanttechnologies.com/rpa-training-in-kalyan-nagar
RPA Training in Jayanagar,https://www.besanttechnologies.com/rpa-training-in-jayanagar
Blue Prism Training in Jayanagar,https://www.besanttechnologies.com/blue-prism-training-in-jayanagar
UiPath Training in Jayanagar,https://www.besanttechnologies.com/uipath-training-in-jayanagar
UiPath Training in Marathahalli,https://www.besanttechnologies.com/uipath-training-in-marathahalli
Blue Prism Training in Rajajinagar,https://www.besanttechnologies.com/blue-prism-training-in-rajajinagar
Blue Prism Training in BTM Layout,https://www.besanttechnologies.com/blue-prism-training-in-btm-layout
UiPath Training in Rajajinagar,https://www.besanttechnologies.com/uipath-training-in-rajajinagar
UiPath Training in BTM Layout,https://www.besanttechnologies.com/uipath-training-in-btm-layout
RPA Training in Rajajinagar,https://www.besanttechnologies.com/rpa-training-in-rajajinagar
Blue Prism Training in Bangalore,https://www.besanttechnologies.com/blue-prism-training-bangalore
UiPath Training in HSR Layout,https://www.besanttechnologies.com/uipath-training-in-hsr-layout
RPA Training in Marathahalli,https://www.besanttechnologies.com/robotic-process-automation-rpa-training-in-marathahalli
Blue Prism Training in kalyan Nagar,https://www.besanttechnologies.com/blue-prism-training-in-kalyan-nagar
RPA Training in HSR Layout,https://www.besanttechnologies.com/robotic-process-automation-training-in-hsr-layout
Blue Prism Training in HSR Layout,https://www.besanttechnologies.com/blue-prism-training-in-hsr-layout
Blue Prism Training in Marathahalli,https://www.besanttechnologies.com/blue-prism-training-in-marathahalli
Blue Prism Training in Indira Nagar Bangalore,https://www.besanttechnologies.com/blue-prism-training-in-indira-nagar-bangalore
Automation Anywhere Training in HSR Layout,https://www.besanttechnologies.com/automation-anywhere-training-in-hsr-layout
RPA Training in Hebbal,https://www.besanttechnologies.com/rpa-training-in-hebbal
R Programming Training in BTM Layout Bangalore,https://www.besanttechnologies.com/r-programming-training-in-btm-layout-bangalore
UiPath Training in Kalyan Nagar,https://www.besanttechnologies.com/uipath-training-in-kalyan-nagar
RPA Training in Indira Nagar Bangalore,https://www.besanttechnologies.com/rpa-training-in-indira-nagar-bangalore
OpenSpan Training in Bangalore,https://www.besanttechnologies.com/openspan-training-bangalore
UiPath Training in Bangalore,https://www.besanttechnologies.com/uipath-training-bangalore
Automation Anywhere Training in Bangalore,https://www.besanttechnologies.com/automation-anywhere-training-bangalore
